num,x,y,z,q1,q2,q3,q4
0,-0.874158501625,0.00321481889114,0.0,0.0,0.0,0.00294053759407,0.99999567661
1,-0.527078866959,-0.00184236443602,0.0,0.0,0.0,-0.00140113395895,0.999999018411
2,-0.294869482517,-0.189821720123,0.0,0.0,0.0,-0.246811972832,0.969063388054
3,-0.274596720934,0.237738713622,0.0,0.0,0.0,0.198741857282,0.980051873201
4,-0.960749864578,0.310397475958,0.0,0.0,0.0,0.491780670678,0.870719111969
5,-0.943858265877,-0.293502599001,0.0,0.0,0.0,-0.513161317246,0.858292177806
