num,x,y,z,q1,q2,q3,q4
9,-0.170666411519,0.417186200619,0.0,0.0,0.0,-0.617447518348,0.786612078528
