num,x,y,z,q1,q2,q3,q4
1,-0.855180263519,1.12139980502e-06,0.0,0.0,0.0,0.00869401022375,0.999962206379
2,-0.140025854111,0.823794364929,0.0,0.0,0.0,0.324704596169,0.945815481596
3,-0.140025854111,0.823794364929,0.0,0.0,0.0,0.324704596169,0.945815481596
4,-0.140025854111,0.823794364929,0.0,0.0,0.0,0.324704596169,0.945815481596
5,-0.465985327959,0.00266329501756,0.0,0.0,0.0,0.914033606149,-0.405638468135
6,-0.173107922077,-0.829624652863,0.0,0.0,0.0,-0.507165330124,0.861848784834
7,-0.173107922077,-0.829624652863,0.0,0.0,0.0,-0.507165330124,0.861848784834
8,0.486096262932,-0.921027064323,0.0,0.0,0.0,0.323667157572,0.946171005215
