num,x,y,z,q1,q2,q3,q4
0,0.00421008560807,0.558809995651,0.0,0.0,0.0,-0.707609303369,0.706603901621
1,0.00636216020212,-0.51887434721,0.0,0.0,0.0,0.710981451967,0.703210761407
