num,x,y,z,q1,q2,q3,q4
10,-0.0166369155049,0.000123084246297,0.0,0.0,0.0,0.690041211046,0.723770078863
