num,x,y,z,q1,q2,q3,q4
8,-0.582299351692,1.29812455177,0.0,0.0,0.0,-0.71049432245,0.703702932896
