num,x,y,z,q1,q2,q3,q4
0,-0.524204134941,0.53733253479,0.0,0.0,0.0,-0.00304757727738,0.999995356126
1,0.538158476353,0.557284235954,0.0,0.0,0.0,0.999999586275,-0.000909642251725
2,0.556293010712,-0.498511761427,0.0,0.0,0.0,0.999994403204,-0.00334567796744
3,-0.516600906849,-0.493932276964,0.0,0.0,0.0,0.00492434914245,0.999987875319
