num,x,y,z,q1,q2,q3,q4
0,0.00169325317256,-0.00161068770103,0.0,0.0,0.0,0.999995023528,-0.00315482490326
