num,x,y,z,q1,q2,q3,q4
1,-0.855180263519,1.12139980502e-06,0.0,0.0,0.0,0.00869401022375,0.999962206379
2,-0.454632371664,0.101838238537,0.0,0.0,0.0,0.439220868697,0.89837911179
3,-0.140025854111,0.823794364929,0.0,0.0,0.0,0.324704596169,0.945815481596
4,-0.140025854111,0.823794364929,0.0,0.0,0.0,0.324704596169,0.945815481596
5,-0.344498425722,-0.0563719905913,0.0,0.0,0.0,-0.56808967202,0.822966660652
6,-0.173107922077,-0.829624652863,0.0,0.0,0.0,-0.507165330124,0.861848784834
7,-0.173107922077,-0.829624652863,0.0,0.0,0.0,-0.507165330124,0.861848784834
8,0.637485265732,-0.80936896801,0.0,0.0,0.0,0.421383538672,0.906882524551
