num,x,y,z,q1,q2,q3,q4
1,-0.855180263519,1.12139980502e-06,0.0,0.0,0.0,0.00869401022375,0.999962206379
2,-0.967967569828,0.415345400572,0.0,0.0,0.0,0.397424546067,0.917634856674
3,-0.594548344612,0.842284619808,0.0,0.0,0.0,0.193127325902,0.981173703271
4,0.00889662373811,0.916225016117,0.0,0.0,0.0,-0.307061912221,0.951689540797
5,-0.368667304516,0.0344553552568,0.0,0.0,0.0,-0.63819801611,0.769872257087
6,-0.289421588182,-0.496149927378,0.0,0.0,0.0,-0.40997523401,0.912096654691
7,0.00688995281234,-0.882045090199,0.0,0.0,0.0,-0.00495110850777,0.999987743187
8,0.599822282791,-0.764979660511,0.0,0.0,0.0,0.411934613063,0.911213407803
