num,x,y,z,q1,q2,q3,q4
1,-0.855180263519,1.12139980502e-06,0.0,0.0,0.0,0.00869401022375,0.999962206379
2,-0.364971131086,0.141362547874,0.0,0.0,0.0,0.478414447253,0.878134167801
3,0.00771175837144,0.897006630898,0.0,0.0,0.0,0.529011020942,0.848614953747
4,0.00771175837144,0.897006630898,0.0,0.0,0.0,0.529011020942,0.848614953747
5,-0.370111703873,-0.0796763896942,0.0,0.0,0.0,-0.595136693538,0.803624486937
6,0.0128499995917,-0.902146995068,0.0,0.0,0.0,-0.505889304736,0.862598406765
7,0.0128499995917,-0.902146995068,0.0,0.0,0.0,-0.505889304736,0.862598406765
8,0.637485265732,-0.80936896801,0.0,0.0,0.0,0.421383538672,0.906882524551
